{
  "axis": "overhead-react-reference",
  "engine": "chromium",
  "react": "18.3.1 production UMD",
  "measure": "flushSync(setState) commit-synchronous; full React re-render (not core-only). framework reference.",
  "path": "reuse (same key)",
  "protocol": "batch K (min 5, target 120ms), warmup x3 discarded, 31-run median + IQR + CV",
  "timestamp": "2026-06-09T14:53:56.798Z",
  "time": [
    {
      "model": "React",
      "nodes": 10,
      "K": 8361,
      "runs": 31,
      "median_ms": 0.013873938524099988,
      "q1_ms": 0.013425427580432962,
      "q3_ms": 0.014041382610448565,
      "iqr_ms": 0.0006159550300156025,
      "min_ms": 0.012797512259299126,
      "max_ms": 0.015584260257376022,
      "mad_ms": 0.00021528524725706114,
      "cv": 0.04385958811959687,
      "samples_ms": [
        0.013263963644990167,
        0.014017462024647659,
        0.01296495634208326,
        0.013730415023552317,
        0.01404138261401301,
        0.013873938524099988,
        0.014089223771357049,
        0.013921779695701804,
        0.015584260257376022,
        0.013897859113465342,
        0.01404138261401301,
        0.013024757801238865,
        0.013610812105241111,
        0.013850017941863524,
        0.012797512259299126,
        0.014053342901566799,
        0.013156321014232747,
        0.013240043062753703,
        0.013754335605788781,
        0.013610812105241111,
        0.013204162185834563,
        0.013586891515875757,
        0.013993541442411194,
        0.012976916636765937,
        0.013682573859079391,
        0.014543714869494302,
        0.014017462024647659,
        0.013885898818782664,
        0.014041382606884121,
        0.015357014715436285,
        0.014280588450635425
      ]
    },
    {
      "model": "React",
      "nodes": 50,
      "K": 2235,
      "runs": 31,
      "median_ms": 0.05803131990518079,
      "q1_ms": 0.05615212527964206,
      "q3_ms": 0.05917225950782998,
      "iqr_ms": 0.0030201342281879207,
      "min_ms": 0.05431767339407731,
      "max_ms": 0.06353467561521253,
      "mad_ms": 0.0017002237189802788,
      "cv": 0.03825992550528697,
      "samples_ms": [
        0.05651006711942771,
        0.0559731543730836,
        0.05821029081173924,
        0.05548098434004474,
        0.05807606261848603,
        0.05431767339407731,
        0.0600000000106675,
        0.05503355704697987,
        0.05771812080536913,
        0.06353467561521253,
        0.06102908276338172,
        0.05633109618620051,
        0.05883668903803132,
        0.05530201343348629,
        0.05583892617983039,
        0.05803131990518079,
        0.060089485463946726,
        0.05507829976028511,
        0.05664429531268092,
        0.05870246084477811,
        0.05700223715246657,
        0.059373601784375424,
        0.06116331098330367,
        0.06129753914988814,
        0.06080536911684928,
        0.05879194629805733,
        0.05722595079899901,
        0.05838926174496644,
        0.05642058163947974,
        0.05897091723128453,
        0.05548098434004474
      ]
    },
    {
      "model": "React",
      "nodes": 100,
      "K": 1062,
      "runs": 31,
      "median_ms": 0.11487758945386065,
      "q1_ms": 0.1088512240998489,
      "q3_ms": 0.12019774011860684,
      "iqr_ms": 0.01134651601875794,
      "min_ms": 0.10753295667427408,
      "max_ms": 0.12146892655367232,
      "mad_ms": 0.0053672316833179995,
      "cv": 0.04345051097200604,
      "samples_ms": [
        0.10800376646711778,
        0.1115819209039548,
        0.11450094158591075,
        0.11967984936331626,
        0.11996233519412254,
        0.10828625235404897,
        0.11403013179306705,
        0.10753295667427408,
        0.11525423726568564,
        0.12099811676082863,
        0.10838041427894277,
        0.11487758945386065,
        0.12090395483593483,
        0.12024482108105373,
        0.10828625235404897,
        0.11421845575510445,
        0.12015065915615994,
        0.10819209037303026,
        0.11544256122772303,
        0.10838041427894277,
        0.11525423726568564,
        0.10932203392075504,
        0.11478342747284194,
        0.12109227868572242,
        0.12024482113717865,
        0.10819209042915516,
        0.11308851220737967,
        0.11600753294546051,
        0.12052730696798493,
        0.12118644066674113,
        0.12146892655367232
      ]
    },
    {
      "model": "React",
      "nodes": 500,
      "K": 229,
      "runs": 31,
      "median_ms": 0.5882096069348431,
      "q1_ms": 0.5561135369617345,
      "q3_ms": 0.595633187798954,
      "iqr_ms": 0.03951965083721953,
      "min_ms": 0.5292576418693409,
      "max_ms": 0.6240174671447953,
      "mad_ms": 0.013100436681222738,
      "cv": 0.046509990408327644,
      "samples_ms": [
        0.5934497818155581,
        0.5969432313889915,
        0.5301310042626993,
        0.5528384280517111,
        0.5689956332398294,
        0.5353711791434143,
        0.5659388647329339,
        0.5882096069348431,
        0.5318777293096983,
        0.6240174671447953,
        0.5960698689956332,
        0.5943231439486342,
        0.5558951962983244,
        0.5847161571011272,
        0.6078602619566772,
        0.5951965066022747,
        0.5305676855895196,
        0.5764192139737991,
        0.5978165940426322,
        0.5973799124555296,
        0.5912663757020209,
        0.5301310042626993,
        0.5563318776251447,
        0.5655021834061136,
        0.5947598252754545,
        0.5925764191619174,
        0.5925764191619174,
        0.5751091702536204,
        0.6026200873362445,
        0.5965065503224535,
        0.5292576418693409
      ]
    },
    {
      "model": "React",
      "nodes": 1000,
      "K": 120,
      "runs": 31,
      "median_ms": 1.15,
      "q1_ms": 1.0816666667660078,
      "q3_ms": 1.184166666616996,
      "iqr_ms": 0.10249999985098834,
      "min_ms": 1.0683333332339922,
      "max_ms": 1.3150000000993411,
      "mad_ms": 0.042500000198682164,
      "cv": 0.05097449878443504,
      "samples_ms": [
        1.1391666665673257,
        1.1833333333333333,
        1.0683333332339922,
        1.15,
        1.1991666669646899,
        1.1833333333333333,
        1.0783333331346512,
        1.1900000000993411,
        1.0741666669646899,
        1.0858333334326744,
        1.134999999900659,
        1.192500000198682,
        1.1808333332339922,
        1.3150000000993411,
        1.152500000099341,
        1.1949999998013179,
        1.0716666668653487,
        1.1083333333333334,
        1.182499999801318,
        1.0708333333333333,
        1.0850000003973643,
        1.1441666662693024,
        1.1849999999006589,
        1.072499999900659,
        1.1433333332339923,
        1.2266666665673256,
        1.077500000099341,
        1.1608333334326744,
        1.1933333332339922,
        1.0700000002980232,
        1.1508333330353102
      ]
    },
    {
      "model": "React",
      "nodes": 2000,
      "K": 51,
      "runs": 31,
      "median_ms": 2.3000000002337435,
      "q1_ms": 2.2107843137254903,
      "q3_ms": 2.4107843140761056,
      "iqr_ms": 0.20000000035061527,
      "min_ms": 2.1470588235294117,
      "max_ms": 2.452941176938076,
      "mad_ms": 0.09803921568627416,
      "cv": 0.042973433577540084,